ASX Code,Company Name,Official Website
ABX,ABx Group Limited,https://abxgroup.com.au/
ADN,Andromeda Metals Limited,https://www.andromet.com.au/
AGY,Argosy Minerals Limited,https://www.argosyminerals.com.au/
AIS,Aerison Group Limited,https://www.aerisresources.com.au/
ALK,Alkane Resources Limited,https://www.alkane.com.au/
AMN,Alliance Minerals Limited,https://allianceminerals.com.au/
ANX,Anax Metals Limited,https://anaxmetals.com.au/
ARU,Arafura Rare Earths Limited,https://www.arultd.com/
ASQ,Australian Silica Quartz Group,https://www.asqg.com.au/
AZS,Azure Minerals Limited,https://www.azureminerals.com.au/
BGL,Bellevue Gold Limited,https://www.bellevuegold.com.au/
BHP,BHP Group Limited,https://www.bhp.com/
BOA,Boadicea Resources Limited,https://www.boadicearesources.com.au/
BRL,Bathurst Resources Limited,https://www.bathurstresources.com.au/
BSX,Blackstone Minerals Limited,https://blackstoneminerals.com.au/
BYH,Bryah Resources Limited,https://www.bryah.com.au/
CAE,Cannindah Resources Limited,https://www.cannindah.com.au/
CAP,Carpentaria Resources Limited,https://www.carpentariaresources.com.au/
CMM,Capricorn Metals Ltd,https://www.capmetals.com.au/
CNB,Carnaby Resources Limited,https://www.carnabyresources.com.au/
COB,Cobalt Blue Holdings Limited,https://www.cobaltblueholdings.com/
CRR,Critical Resources Limited,https://www.criticalresources.com.au/
